TIME,Status
2025-05-07 09:36:34.129343,OK
2025-05-07 09:36:39.178086,OK
2025-05-07 09:36:44.235858,OK
2025-05-07 09:36:49.300008,OK
2025-05-07 09:36:54.370729,OK
2025-05-07 09:36:59.436597,OK
2025-05-07 09:37:04.507170,OK
2025-05-07 09:37:09.575164,OK
2025-05-07 09:37:14.651648,OK
2025-05-07 09:37:19.714018,OK
2025-05-07 09:37:24.765057,OK
2025-05-07 09:37:29.831237,OK
2025-05-07 09:37:34.895390,OK
2025-05-07 09:37:39.945749,OK
2025-05-07 09:37:45.004191,OK
2025-05-07 09:37:50.068050,OK
2025-05-07 09:37:55.127510,OK
2025-05-07 09:38:00.221129,OK
2025-05-07 09:38:05.307180,OK
2025-05-07 09:38:10.408406,OK
2025-05-07 09:38:15.515879,OK
2025-05-07 09:38:20.584692,OK
2025-05-07 09:38:25.654284,OK
2025-05-07 09:38:30.725695,OK
2025-05-07 09:38:35.793099,OK
2025-05-07 09:38:40.841864,OK
2025-05-07 09:38:45.910105,OK
2025-05-07 09:38:50.980493,OK
2025-05-07 09:38:56.046184,OK
2025-05-07 09:39:01.099629,OK
2025-05-07 09:39:06.168614,OK
2025-05-07 09:39:11.238696,OK
2025-05-07 09:39:16.301125,OK
2025-05-07 09:39:21.372609,OK
2025-05-07 09:39:26.443141,OK
2025-05-07 09:39:31.510762,OK
2025-05-07 09:39:36.598227,OK
2025-05-07 09:39:41.664242,OK
2025-05-07 09:39:46.729810,OK
2025-05-07 09:39:51.800026,OK
2025-05-07 09:39:56.868669,OK
2025-05-07 09:40:01.921372,OK
2025-05-07 09:40:06.971865,OK
2025-05-07 09:40:12.037119,OK
2025-05-07 09:40:17.111634,OK
2025-05-07 09:40:22.179492,OK
2025-05-07 09:40:27.249325,OK
2025-05-07 09:40:32.321374,OK
2025-05-07 09:40:37.379875,OK
2025-05-07 09:40:42.446154,OK
2025-05-07 09:40:47.515451,OK
2025-05-07 09:40:52.584672,OK
2025-05-07 09:40:57.655786,OK
2025-05-07 09:41:02.724995,OK
2025-05-07 09:41:07.794426,OK
2025-05-07 09:41:12.860682,OK
2025-05-07 09:41:17.943676,OK
2025-05-07 09:41:23.019827,OK
2025-05-07 09:41:28.088906,OK
2025-05-07 09:41:33.157908,OK
2025-05-07 09:41:38.222548,OK
2025-05-07 09:41:43.280494,OK
2025-05-07 09:41:48.345700,OK
2025-05-07 09:41:53.413320,OK
2025-05-07 09:41:58.487475,OK
2025-05-07 09:42:03.559077,OK
2025-05-07 09:42:08.636248,OK
2025-05-07 09:42:13.689243,OK
2025-05-07 09:42:18.758596,OK
2025-05-07 09:42:23.810798,OK
2025-05-07 09:42:28.880512,OK
2025-05-07 09:42:33.952347,OK
2025-05-07 09:42:39.018261,OK
2025-05-07 09:42:44.084383,OK
2025-05-07 09:42:49.150089,OK
2025-05-07 09:42:54.217474,OK
2025-05-07 09:42:59.289009,OK
2025-05-07 09:43:04.354121,OK
2025-05-07 09:43:09.422346,OK
2025-05-07 09:43:14.489318,OK
2025-05-07 09:43:19.540281,OK
2025-05-07 09:43:24.609014,OK
2025-05-07 09:43:29.662497,OK
2025-05-07 09:43:34.743624,OK
2025-05-07 09:43:39.797986,OK
2025-05-07 09:43:44.868147,OK
2025-05-07 09:43:49.938158,OK
2025-05-07 09:43:55.008046,OK
2025-05-07 09:44:00.077251,OK
2025-05-07 09:44:05.141142,OK
2025-05-07 09:44:10.208977,OK
2025-05-07 09:44:15.265099,OK
2025-05-07 09:44:20.337756,OK
2025-05-07 09:44:25.405809,OK
2025-05-07 09:44:30.473097,OK
2025-05-07 09:44:35.541282,OK
2025-05-07 09:44:40.600148,OK
2025-05-07 09:44:45.664279,OK
2025-05-07 09:44:50.728943,OK
2025-05-07 09:44:55.798446,OK
2025-05-07 09:45:00.851022,OK
2025-05-07 09:45:05.904863,OK
2025-05-07 09:45:10.975282,OK
2025-05-07 09:45:16.045527,OK
2025-05-07 09:45:21.114542,OK
2025-05-07 09:45:26.170346,OK
2025-05-07 09:45:31.219713,OK
2025-05-07 09:45:36.284756,OK
2025-05-07 09:45:41.353713,OK
2025-05-07 09:45:46.408040,OK
2025-05-07 09:45:51.476127,OK
2025-05-07 09:45:56.544412,OK
2025-05-07 09:46:01.622999,OK
2025-05-07 09:46:06.679399,OK
2025-05-07 09:46:11.732262,OK
2025-05-07 09:46:16.800784,OK
2025-05-07 09:46:21.868819,OK
2025-05-07 09:46:26.924250,OK
2025-05-07 09:46:31.975939,OK
2025-05-07 09:46:37.038585,OK
2025-05-07 09:46:42.105287,OK
2025-05-07 09:46:47.173034,OK
2025-05-07 09:46:52.241506,OK
2025-05-07 09:46:57.293928,OK
2025-05-07 09:47:02.363847,OK
2025-05-07 09:47:07.432851,OK
2025-05-07 09:47:12.493391,OK
2025-05-07 09:47:17.562477,OK
2025-05-07 09:47:22.624924,OK
2025-05-07 09:47:27.694051,OK
2025-05-07 09:47:32.755031,OK
2025-05-07 09:47:37.824376,OK
2025-05-07 09:47:42.889461,OK
2025-05-07 09:47:47.949350,OK
2025-05-07 09:47:53.007743,OK
2025-05-07 09:47:58.124409,OK
2025-05-07 09:48:03.201711,OK
2025-05-07 09:48:08.302696,OK
2025-05-07 09:48:13.410175,OK
2025-05-07 09:48:18.504683,OK
2025-05-07 09:48:23.594520,OK
2025-05-07 09:48:28.688329,OK
2025-05-07 09:48:33.767775,OK
2025-05-07 09:48:38.880326,OK
2025-05-07 09:48:43.989049,OK
2025-05-07 09:48:49.086642,OK
2025-05-07 09:48:54.166047,OK
2025-05-07 09:48:59.307603,OK
2025-05-07 09:49:04.389197,OK
2025-05-07 09:49:09.469660,OK
2025-05-07 09:49:14.589778,OK
2025-05-07 09:49:19.676314,OK
2025-05-07 09:49:24.780492,OK
2025-05-07 09:49:29.876247,OK
2025-05-07 09:49:34.956417,OK
2025-05-07 09:49:40.054168,OK
2025-05-07 09:49:45.132860,OK
2025-05-07 09:49:50.213227,OK
2025-05-07 09:49:55.340804,OK
2025-05-07 09:50:00.426745,OK
2025-05-07 09:50:05.527678,OK
2025-05-07 09:50:10.690966,OK
2025-05-07 09:50:15.792605,OK
2025-05-07 09:50:20.893310,OK
2025-05-07 09:50:25.990303,OK
2025-05-07 09:50:31.071861,OK
2025-05-07 09:50:36.177042,OK
2025-05-07 09:50:41.244199,OK
2025-05-07 09:50:46.315295,OK
2025-05-07 09:50:51.382011,OK
2025-05-07 09:50:56.434435,OK
2025-05-07 09:51:01.485593,OK
2025-05-07 09:51:06.557126,OK
2025-05-07 09:51:11.625129,OK
2025-05-07 09:51:16.690908,OK
2025-05-07 09:51:21.763208,OK
2025-05-07 09:51:26.832393,OK
2025-05-07 09:51:31.904237,OK
2025-05-07 09:51:36.958532,OK
2025-05-07 09:51:42.013584,OK
2025-05-07 09:51:47.069176,OK
2025-05-07 09:51:52.139072,OK
2025-05-07 09:51:57.207667,OK
2025-05-07 09:52:02.264108,OK
2025-05-07 09:52:07.322444,OK
2025-05-07 09:52:12.390509,OK
2025-05-07 09:52:17.465925,OK
2025-05-07 09:52:22.517931,OK
2025-05-07 09:52:27.585090,OK
2025-05-07 09:52:32.647553,OK
2025-05-07 09:52:37.720666,OK
2025-05-07 09:52:42.785094,OK
2025-05-07 09:52:47.837280,OK
2025-05-07 09:52:52.889064,OK
2025-05-07 09:52:57.957477,OK
2025-05-07 09:53:03.024526,OK
2025-05-07 09:53:08.096513,OK
2025-05-07 09:53:13.170383,OK
2025-05-07 09:53:18.223399,OK
2025-05-07 09:53:23.291380,OK
2025-05-07 09:53:28.358048,OK
2025-05-07 09:53:33.430252,OK
2025-05-07 09:53:38.505922,OK
2025-05-07 09:53:43.572678,OK
2025-05-07 09:53:48.638759,OK
2025-05-07 09:53:53.723468,OK
2025-05-07 09:53:58.780589,OK
2025-05-07 09:54:03.848955,OK
2025-05-07 09:54:08.924810,OK
2025-05-07 09:54:13.992442,OK
2025-05-07 09:54:19.062923,OK
2025-05-07 09:54:24.117442,OK
2025-05-07 09:54:29.192994,OK
2025-05-07 09:54:34.258636,OK
2025-05-07 09:54:39.331562,OK
2025-05-07 09:54:44.384628,OK
2025-05-07 09:54:49.468106,OK
2025-05-07 09:54:54.524027,OK
2025-05-07 09:54:59.594717,OK
2025-05-07 09:55:04.663468,OK
